time,latitude,longitude,depth,mag,magType,nst,gap,dmin,rms,net,id,updated,place,type,horizontalError,depthError,magError,magNst,status,locationSource,magSource
2016-06-05T04:10:10.590Z,38.8291664,-122.7978363,1.04,2.83,md,46,38,0.01093,0.05,nc,nc72646021,2016-06-05T04:15:04.358Z,"6km W of Cobb, California",earthquake,0.14,0.22,0.19,38,automatic,nc,nc
2016-06-05T04:07:05.550Z,-15.9422,-74.1017,33.5,4.9,mb,,131,4.33,0.94,us,us2000624v,2016-06-05T04:26:27.401Z,"78km SE of Acari, Peru",earthquake,8.1,5.2,0.037,236,reviewed,us,us
2016-06-05T02:47:51.900Z,28.9056,128.1667,183.8,4.8,mb,,46,2.063,0.85,us,us2000624m,2016-06-05T03:04:47.783Z,"141km WNW of Naze, Japan",earthquake,8.2,6.1,0.037,225,reviewed,us,us
2016-06-05T02:41:26.590Z,-17.6657,-176.8887,320.91,4.4,mb,,56,6.757,0.84,us,us2000624l,2016-06-05T03:10:24.348Z,"Fiji region",earthquake,12.8,6.2,0.094,33,reviewed,us,us
2016-06-05T02:02:13.600Z,18.2371,-67.2001,106,2.9,Md,12,136.8,0.12396751,0.27,pr,pr16157001,2016-06-05T03:46:52.175Z,"5km SSW of La Playa, Puerto Rico",earthquake,2.1,1.1,0,7,reviewed,pr,pr
2016-06-05T01:55:29.700Z,36.9155,-98.0159,5,2.6,mb_lg,,75,0.059,0.74,us,us20006245,2016-06-05T02:07:09.470Z,"26km S of Anthony, Kansas",earthquake,0.9,1.7,0.076,45,reviewed,us,us
2016-06-05T01:54:21.610Z,16.0494,-98.2163,10,4.7,mb,,214,1.541,1.49,us,us20006249,2016-06-05T02:17:17.700Z,"36km SW of Santiago Pinotepa Nacional, Mexico",earthquake,10.8,1.7,0.046,141,reviewed,us,us
2016-06-05T01:53:57.950Z,-24.2844,-67.1024,195.41,4.6,mb,,87,1.653,1,us,us20006244,2016-06-05T02:03:44.696Z,"79km W of San Antonio de los Cobres, Argentina",earthquake,9.9,15.2,0.192,8,reviewed,us,us
2016-06-05T01:52:45.050Z,16.5383,-98.2432,10,4.4,mb,,164,1.064,1.21,us,us20006246,2016-06-05T02:26:50.104Z,"13km SW of San Juan Cacahuatepec, Mexico",earthquake,4.4,1.9,0.041,169,reviewed,us,us
2016-06-05T01:44:56.910Z,16.7034,-98.0964,10,4.2,mb,,216,0.965,0.91,us,us20006242,2016-06-05T01:59:01.874Z,"5km N of San Pedro Amuzgos, Mexico",earthquake,8.6,2,0.055,91,reviewed,us,us
2016-06-05T01:11:30.290Z,34.2034,26.1046,10,4.2,mb,,115,1.473,1.05,us,us2000623u,2016-06-05T01:37:31.209Z,"93km S of Makry Gialos, Greece",earthquake,8.2,2,0.093,32,reviewed,us,us
2016-06-05T00:39:32.400Z,18.4838,-64.7752,83,3,Md,15,284.4,0.15091697,0.11,pr,pr16157000,2016-06-05T01:24:58.216Z,"18km WNW of Road Town, British Virgin Islands",earthquake,1.3,0.6,0,9,reviewed,pr,pr
2016-06-05T00:33:06.620Z,19.6866,-69.9637,10,4.1,mb,,64,1.217,1.2,us,us2000623n,2016-06-05T00:47:53.809Z,"7km NW of Cabrera, Dominican Republic",earthquake,5.1,1.9,0.151,12,reviewed,us,us
2016-06-04T22:43:27.800Z,17.9468,-67.6765,6,3,Md,12,291.6,0.47341215,0.15,pr,pr16156009,2016-06-04T23:12:18.428Z,"52km W of Pole Ojea, Puerto Rico",earthquake,0.9,1,0,8,reviewed,pr,pr
2016-06-04T21:59:16.200Z,-18.2652,168.2025,35,5.2,mb,,72,3.203,1.31,us,us2000623b,2016-06-04T22:18:06.514Z,"60km SSW of Port-Vila, Vanuatu",earthquake,8,1.9,0.062,85,reviewed,us,us
2016-06-04T21:48:15.200Z,19.003,-65.1483,25,2.7,Md,5,288,0.67373646,0.33,pr,pr16156013,2016-06-05T01:02:42.352Z,"76km NNW of Charlotte Amalie, U.S. Virgin Islands",earthquake,2.5,25.4,0,4,reviewed,pr,pr
2016-06-04T21:44:40.530Z,2.0146,126.6896,26.09,4.4,mb,,116,1.407,0.73,us,us20006239,2016-06-04T22:33:57.214Z,"150km WNW of Tobelo, Indonesia",earthquake,8.2,5.3,0.086,39,reviewed,us,us
2016-06-04T21:20:09.000Z,58.4036,-155.5067,168,2.6,ml,,,,0.76,ak,ak13632187,2016-06-04T21:57:56.153Z,"74km ESE of King Salmon, Alaska",earthquake,1.5,0.8,,,automatic,ak,ak
2016-06-04T21:19:55.900Z,18.9895,-65.164,24,2.8,Md,8,273.6,0.66475331,0.27,pr,pr16156008,2016-06-04T23:33:57.040Z,"75km NNW of Charlotte Amalie, U.S. Virgin Islands",earthquake,1.8,20.1,0,6,reviewed,pr,pr
2016-06-04T19:53:15.800Z,19.27,-64.6389,25,2.6,Md,5,320.4,0.94143442,0.18,pr,pr16156012,2016-06-05T02:12:35.538Z,"94km N of Road Town, British Virgin Islands",earthquake,1.6,17.1,0,4,reviewed,pr,pr
2016-06-04T19:05:24.000Z,18.3556,-68.2301,96,2.9,Md,7,334.8,0.71326234,0.25,pr,pr16156010,2016-06-05T00:11:48.086Z,"31km SE of Punta Cana, Dominican Republic",earthquake,3.4,1.9,0,7,reviewed,pr,pr
2016-06-04T17:45:06.800Z,18.7229,-64.1365,28,2.7,Md,4,345.6,0.7168556,0.12,pr,pr16156006,2016-06-04T19:54:56.435Z,"60km NE of Road Town, British Virgin Islands",earthquake,4.2,9.6,0,2,reviewed,pr,pr
2016-06-04T16:38:26.290Z,38.1557,20.3196,16.3,4.9,mb,,92,1.604,1.19,us,us20006226,2016-06-04T17:10:55.278Z,"11km WSW of Lixourion, Greece",earthquake,6.3,4.6,0.064,77,reviewed,us,us
2016-06-04T15:18:21.810Z,-5.2452,97.8291,10,4.7,mb,,205,5.183,0.63,us,us20006225,2016-06-04T15:42:11.640Z,"Southwest of Sumatra, Indonesia",earthquake,5.1,2,0.13,18,reviewed,us,us
2016-06-04T13:04:18.680Z,37.2228317,-122.1464996,11.62,3.35,mw,75,145,0.09575,0.14,nc,nc72645676,2016-06-04T22:16:08.042Z,"10km NNW of Boulder Creek, California",earthquake,0.26,0.51,,4,reviewed,nc,nc
2016-06-04T10:44:10.640Z,0.4538,126.3871,21.12,5.4,mb,,26,1.029,1.21,us,us20006211,2016-06-04T20:34:38.000Z,"114km WSW of Kota Ternate, Indonesia",earthquake,6.7,4.7,0.042,190,reviewed,us,us
2016-06-04T09:54:15.440Z,29.986,57.6163,10,4.3,mb,,141,5.175,0.51,us,us2000620x,2016-06-04T10:46:58.673Z,"61km ESE of Kerman, Iran",earthquake,8.3,1.9,0.114,22,reviewed,us,us
2016-06-04T09:18:40.210Z,-15.5415,-173.1225,32.67,5.4,mb,,43,2.08,0.65,us,us2000620t,2016-06-04T11:23:41.216Z,"81km NE of Hihifo, Tonga",earthquake,9.2,3.7,0.029,408,reviewed,us,us
2016-06-04T06:31:36.810Z,-20.6877,-177.7549,470.7,4.6,mb,,80,4.925,1.16,us,us2000620e,2016-06-04T06:56:20.581Z,"98km E of Ndoi Island, Fiji",earthquake,8.3,7.5,0.075,53,reviewed,us,us
2016-06-04T05:56:27.820Z,31.8414,128.8732,6.14,4.8,mb,,110,1.386,0.75,us,us20006209,2016-06-04T06:14:18.327Z,"93km S of Fukue, Japan",earthquake,7.3,4.9,0.06,87,reviewed,us,us
2016-06-04T05:00:03.880Z,0.6693,-29.1766,10,4.8,mb,,140,9.313,0.77,us,us20006205,2016-06-04T05:21:23.717Z,"Central Mid-Atlantic Ridge",earthquake,12.1,1.9,0.068,68,reviewed,us,us
2016-06-04T04:43:28.100Z,36.5463,-98.8669,5,3,mb_lg,,76,0.102,0.43,us,us20006201,2016-06-04T04:56:25.778Z,"32km ENE of Mooreland, Oklahoma",earthquake,2.5,2,0.056,84,reviewed,us,us
2016-06-04T04:03:16.990Z,12.6535,-89.1935,43.87,4.2,mb,,186,1.027,0.8,us,us200061zz,2016-06-04T04:23:38.097Z,"93km S of La Libertad, El Salvador",earthquake,8.4,19.3,0.105,25,reviewed,us,us
2016-06-04T03:18:43.010Z,-1.658,100.0431,31.99,4.6,mb,,179,2.208,0.91,us,us200061zv,2016-06-04T03:38:31.686Z,"64km SW of Pasarbaru, Indonesia",earthquake,8.7,1.9,0.098,31,reviewed,us,us
2016-06-04T02:22:56.620Z,35.4144,31.5715,10,4.1,mb,,42,1.51,1.02,us,us200061zg,2016-06-04T02:42:37.985Z,"88km WNW of Polis, Cyprus",earthquake,4.4,1.9,0.09,34,reviewed,us,us
2016-06-04T01:47:08.200Z,36.2724,-97.5846,5,3.1,mb_lg,,35,0.166,0.39,us,us200061zb,2016-06-04T01:56:39.114Z,"26km W of Perry, Oklahoma",earthquake,1.5,2,0.054,90,reviewed,us,us
2016-06-04T01:16:20.100Z,18.773,-65.6699,24,2.5,Md,5,273.6,0.5291077,0.34,pr,pr16156000,2016-06-04T03:55:07.117Z,"42km NNE of Vieques, Puerto Rico",earthquake,2.5,21.7,0,5,reviewed,pr,pr
2016-06-04T00:35:32.860Z,43.9793,-125.8396,10,2.8,ml,,227,1.315,1.07,us,us200061z4,2016-06-04T00:50:21.861Z,"138km W of Dunes City, Oregon",earthquake,6.2,2,0.048,58,reviewed,us,us
2016-06-03T23:10:45.520Z,-7.3255,120.1679,627.35,4.2,mb,,69,2.333,0.66,us,us200061yi,2016-06-03T23:32:03.165Z,"108km NNW of Congkar, Indonesia",earthquake,11.4,8.4,0.103,26,reviewed,us,us
2016-06-03T23:04:38.690Z,53.7488,-171.6611,65.62,4.1,mb,,150,1.408,0.76,us,us200061yd,2016-06-03T23:53:14.687Z,"140km NNW of Yunaska Island, Alaska",earthquake,9.4,5.7,0.078,45,reviewed,us,us
2016-06-03T21:53:20.220Z,54.0493,169.3853,17.48,4.3,mb,,109,3.118,1.11,us,us200061xr,2016-06-03T23:25:18.440Z,"253km ESE of Nikol'skoye, Russia",earthquake,9.4,4.8,0.068,62,reviewed,us,us
2016-06-03T21:17:37.778Z,39.586,-115.8399,13.2,3,ml,22,47.25,0.954,0.1656,nn,nn00546492,2016-06-04T04:03:19.344Z,"13km NE of Eureka, Nevada",earthquake,1.68,3.7,0.41,9,reviewed,nn,nn
2016-06-03T21:00:31.490Z,24.3489,126.4503,10,4.7,mb,,113,2.973,0.76,us,us200061x0,2016-06-03T21:20:32.779Z,"128km ESE of Hirara, Japan",earthquake,8.3,1.9,0.074,56,reviewed,us,us
2016-06-03T20:17:05.750Z,-19.9577,-63.1933,590.01,4.6,mb,,35,5.517,1.25,us,us200061vr,2016-06-03T20:54:50.161Z,"17km S of Charagua, Bolivia",earthquake,9.9,6.1,0.065,70,reviewed,us,us
2016-06-03T19:27:38.020Z,-6.8365,104.9668,54.62,4.7,mb,,142,3.171,1.33,us,us200061v8,2016-06-03T20:00:06.759Z,"73km W of Pasirnangka, Indonesia",earthquake,8,7.3,0.089,39,reviewed,us,us
2016-06-03T18:46:32.790Z,54.0619,169.2731,19.06,4.3,mb,,152,3.184,1.12,us,us200061ur,2016-06-03T21:40:57.197Z,"246km ESE of Nikol'skoye, Russia",earthquake,11.3,6.7,0.068,61,reviewed,us,us
2016-06-03T18:23:11.080Z,54.1475,169.4079,14.47,5.3,mb,,65,3.146,1.1,us,us200061ue,2016-06-04T20:27:07.000Z,"249km ESE of Nikol'skoye, Russia",earthquake,7.2,3.9,0.022,672,reviewed,us,us
2016-06-03T17:26:09.000Z,61.2562,-150.6242,44.4,2.8,ml,,,,0.67,ak,ak13630370,2016-06-03T17:59:51.727Z,"39km W of Anchorage, Alaska",earthquake,0.3,0.8,,,automatic,ak,ak
2016-06-03T15:17:00.000Z,63.2896,-151.622,7.1,2.8,ml,,,,1,ak,ak13630348,2016-06-03T16:03:01.067Z,"132km NW of Talkeetna, Alaska",earthquake,0.3,0.3,,,automatic,ak,ak
2016-06-03T13:40:12.290Z,-49.2779,148.495,14.59,5.2,mb,,79,6.421,1.06,us,us200061nz,2016-06-04T20:22:12.000Z,"South of Tasmania",earthquake,9.4,4.8,0.076,58,reviewed,us,us
2016-06-03T11:52:36.900Z,18.7434,-64.1548,31,2.6,Md,3,345.6,0.71416065,0.05,pr,pr16155006,2016-06-03T15:07:29.248Z,"60km NE of Road Town, British Virgin Islands",earthquake,3.3,6,0,2,reviewed,pr,pr
2016-06-03T11:50:11.140Z,20.5841,120.5021,10,4.9,mb,,33,2.286,1.04,us,us200061nj,2016-06-03T12:22:55.162Z,"141km W of Itbayat, Philippines",earthquake,8.3,1.9,0.049,131,reviewed,us,us
2016-06-03T08:28:55.030Z,-16.2264,-175.8539,330.17,4.9,mb,,50,4.562,0.97,us,us200061n6,2016-06-03T08:47:45.127Z,"227km W of Hihifo, Tonga",earthquake,9.8,7.6,0.061,85,reviewed,us,us
2016-06-03T08:00:27.900Z,26.8431,130.1385,38.33,4.7,mb,,109,1.667,0.72,us,us200061n1,2016-06-03T08:19:20.218Z,"180km SSE of Naze, Japan",earthquake,8.1,3.7,0.07,62,reviewed,us,us
2016-06-03T07:19:41.815Z,39.5911,-115.8389,11.1,3.9,ml,31,59.14,0.956,0.2498,nn,nn00546432,2016-06-04T04:01:06.246Z,"13km NE of Eureka, Nevada",earthquake,1.48,2.7,0.47,21,reviewed,nn,nn
2016-06-03T07:01:20.630Z,55.4923,-158.5065,40.03,4.7,mb,,114,0.908,0.86,us,us200061mq,2016-06-03T12:32:00.738Z,"86km S of Chignik Lake, Alaska",earthquake,6.8,7.2,0.039,195,reviewed,us,us
2016-06-03T05:35:11.330Z,51.401,178.4669,100.7,4,mb,,219,2.767,0.74,us,us200061mf,2016-06-03T12:03:23.244Z,"60km S of Little Sitkin Island, Alaska",earthquake,13.8,14.1,0.077,45,reviewed,us,us
2016-06-03T04:49:07.600Z,18.5147,-67.4152,93,3,Md,8,306,0.45993743,0.27,pr,pr16155003,2016-06-03T08:06:55.686Z,"26km NW of Rincon, Puerto Rico",earthquake,7.2,4.1,0,3,reviewed,pr,pr
2016-06-03T04:12:26.620Z,-16.927,-70.3823,47.7,4.5,mb,,142,1.085,0.71,us,us200061m7,2016-06-03T04:43:18.395Z,"25km N of Pujocucho, Peru",earthquake,8.2,12.7,0.14,15,reviewed,us,us
2016-06-03T02:59:31.700Z,17.9071,-66.89,15,2.5,Md,13,226.8,0.06737365,0.1,pr,pr16155000,2016-06-03T03:26:11.437Z,"7km SSE of Guanica, Puerto Rico",earthquake,0.8,0.6,0,8,reviewed,pr,pr
2016-06-03T02:55:28.100Z,19.0944,-64.0418,31,3.3,Md,9,334.8,1.02677437,0.33,pr,pr16155001,2016-06-03T03:46:26.650Z,"96km NE of Road Town, British Virgin Islands",earthquake,5.7,24.6,0,6,reviewed,pr,pr
2016-06-03T02:55:14.950Z,35.7164,138.1111,200.22,4.2,mb,,79,0.626,0.79,us,us200061lx,2016-06-03T04:02:35.719Z,"18km SE of Ina, Japan",earthquake,4,5.6,0.112,22,reviewed,us,us
2016-06-03T02:46:52.000Z,59.3713,-144.9468,14.3,3.3,ml,,,,0.72,ak,ak13627980,2016-06-03T03:25:08.760Z,"78km E of Middleton Island, Alaska",earthquake,0.7,0.6,,,automatic,ak,ak
2016-06-03T01:35:07.000Z,61.6721,-151.3909,70,2.9,ml,,,,0.49,ak,ak13627969,2016-06-03T02:31:43.116Z,"72km W of Willow, Alaska",earthquake,0.3,0.6,,,automatic,ak,ak
2016-06-03T00:38:13.000Z,59.5971,-153.442,120.9,2.5,ml,,,,0.46,ak,ak13627957,2016-06-03T01:06:07.628Z,"84km E of Old Iliamna, Alaska",earthquake,0.8,0.6,,,automatic,ak,ak
2016-06-03T00:16:15.710Z,-30.081,-71.5927,43.49,4.3,mb,,139,0.347,0.63,us,us200060q7,2016-06-03T00:34:03.373Z,"27km WSW of Coquimbo, Chile",earthquake,5.8,7,0.201,7,reviewed,us,us
2016-06-02T23:39:19.370Z,12.5173,-89.2745,10,4.7,mb,,83,1.163,1.39,us,us200060d8,2016-06-03T00:03:22.136Z,"107km S of La Libertad, El Salvador",earthquake,3.3,1.8,0.034,265,reviewed,us,us
2016-06-02T23:08:48.800Z,-21.1282,-69.0266,113.52,4.2,mb,,57,0.438,0.65,us,us2000608h,2016-06-02T23:33:46.274Z,"148km N of Calama, Chile",earthquake,5.9,6.5,0.141,14,reviewed,us,us
2016-06-02T23:06:15.930Z,34.1796667,-117.2931667,8.8,3.14,ml,136,21,0.01858,0.14,ci,ci37367951,2016-06-03T23:07:18.469Z,"6km ENE of Muscoy, CA",earthquake,0.1,0.21,0.153,346,reviewed,ci,ci
2016-06-02T22:54:31.700Z,19.0935,-66.8391,42,3.1,Md,20,205.2,0.62522744,0.37,pr,pr16154022,2016-06-02T23:15:24.558Z,"67km N of Hatillo, Puerto Rico",earthquake,1.5,5.2,0,16,reviewed,pr,pr
2016-06-02T22:41:29.140Z,12.761,57.9792,10,4.6,mb,,118,3.903,1.26,us,us20006083,2016-06-02T23:08:10.835Z,"Owen Fracture Zone region",earthquake,11.4,1.9,0.076,52,reviewed,us,us
2016-06-02T22:40:22.530Z,32.7831667,-115.4503333,10.99,2.66,ml,39,63,0.02229,0.25,ci,ci37367895,2016-06-02T23:21:32.080Z,"7km WSW of Holtville, CA",earthquake,0.39,0.5,0.197,23,reviewed,ci,ci
2016-06-02T21:18:07.160Z,-18.0208,65.4853,10,4.6,mb,,72,17.344,0.76,us,us2000606y,2016-06-02T21:45:43.761Z,"285km NE of Port Mathurin, Mauritius",earthquake,12.5,1.9,0.089,38,reviewed,us,us
2016-06-02T19:17:08.870Z,40.5421,71.5497,22.79,4.3,mb,,72,0.739,0.87,us,us2000604p,2016-06-02T21:03:02.776Z,"13km NNE of Hamza, Uzbekistan",earthquake,6.5,6.4,0.111,23,reviewed,us,us
2016-06-02T18:20:36.850Z,20.5504,120.7274,10,4.4,mb,,118,2.279,1.11,us,us2000603u,2016-06-02T20:19:29.795Z,"119km WSW of Itbayat, Philippines",earthquake,8.8,1.3,0.12,20,reviewed,us,us
2016-06-02T18:04:19.000Z,59.7113,-148.7352,4.5,2.6,ml,,,,0.68,ak,ak13626113,2016-06-02T18:27:47.030Z,"58km SE of Seward, Alaska",earthquake,0.8,0.5,,,automatic,ak,ak
2016-06-02T18:03:21.240Z,36.4078,-98.1294,5,2.7,mb_lg,,49,0.152,0.5,us,us2000603h,2016-06-02T18:39:38.812Z,"19km SE of Helena, Oklahoma",earthquake,0.6,2,0.073,49,reviewed,us,us
2016-06-02T18:02:26.020Z,-9.1779,117.9336,112.99,4.4,mb,,59,3.802,1.19,us,us2000603p,2016-06-02T19:26:42.330Z,"42km S of Boal Atas, Indonesia",earthquake,6.7,7.2,0.082,43,reviewed,us,us
2016-06-02T17:37:30.000Z,59.5985,-153.1387,122.3,3.2,ml,,,,0.52,ak,ak13626101,2016-06-02T18:27:54.253Z,"76km WSW of Anchor Point, Alaska",earthquake,0.3,0.4,,,automatic,ak,ak
2016-06-02T17:07:04.000Z,22.384,143.6431,127.2,4.6,mb,,79,4.874,0.7,us,us2000602s,2016-06-02T21:08:25.149Z,"242km NNW of Farallon de Pajaros, Northern Mariana Islands",earthquake,9.3,6.4,0.039,191,reviewed,us,us
2016-06-02T16:20:56.500Z,36.6505,-97.708,7.334,2.7,ml,,47,,0.59,us,us20006013,2016-06-03T16:18:53.040Z,"17km S of Medford, Oklahoma",earthquake,1.3,4.1,,,reviewed,tul,tul
2016-06-02T15:38:48.900Z,19.2922,-67.3584,55,3,Md,4,316.8,0.90999338,0.07,pr,pr16154021,2016-06-02T19:57:41.548Z,"92km NNW of San Antonio, Puerto Rico",earthquake,1.8,4.3,0,3,reviewed,pr,pr
2016-06-02T15:19:35.740Z,-32.8271,179.4842,346.72,4.8,mb,,59,4.204,0.82,us,us2000600d,2016-06-03T16:07:41.375Z,"217km SW of L'Esperance Rock, New Zealand",earthquake,7.9,6.3,0.054,106,reviewed,us,us
2016-06-02T15:01:25.340Z,-0.2544,124.0475,91.78,4.9,mb,,33,1.496,1.12,us,us20006002,2016-06-03T14:40:57.684Z,"71km S of Molibagu, Indonesia",earthquake,7.6,6.8,0.048,134,reviewed,us,us
2016-06-02T14:45:37.000Z,60.2296,-153.1601,135.3,2.7,ml,,,,0.55,ak,ak13625713,2016-06-02T15:30:56.933Z,"36km SW of Redoubt Volcano, Alaska",earthquake,0.6,0.5,,,automatic,ak,ak
2016-06-02T13:26:44.200Z,19.1921,-67.2632,59,3.1,Md,8,298.8,0.7348219,0.51,pr,pr16154020,2016-06-02T17:23:36.497Z,"79km NNW of San Antonio, Puerto Rico",earthquake,3.4,8,0,8,reviewed,pr,pr
2016-06-02T13:02:39.800Z,19.3073,-67.1885,28,2.8,Md,4,334.8,0.83812816,0.15,pr,pr16154017,2016-06-02T13:48:24.717Z,"90km N of Isabela, Puerto Rico",earthquake,2,10.5,0,3,reviewed,pr,pr
2016-06-02T12:27:21.000Z,19.1445,-67.2853,73,3.2,Md,9,288,0.69260108,0.6,pr,pr16154015,2016-06-02T13:40:00.464Z,"74km NNW of San Antonio, Puerto Rico",earthquake,4.3,7.6,0,8,reviewed,pr,pr
2016-06-02T12:19:43.300Z,19.3668,-67.313,13,2.9,Md,6,320.4,0.91448496,0.23,pr,pr16154014,2016-06-02T13:35:06.255Z,"99km NNW of San Antonio, Puerto Rico",earthquake,9.6,13.7,0,6,reviewed,pr,pr
2016-06-02T12:16:31.200Z,19.2952,-67.2612,38,3.4,Md,15,219.6,0.83543321,0.33,pr,pr16154010,2016-06-02T12:59:48.548Z,"90km N of San Antonio, Puerto Rico",earthquake,1.9,9.5,0,14,reviewed,pr,pr
2016-06-02T11:51:46.700Z,19.315,-67.2139,24,3.4,Md,14,288,0.84800963,0.18,pr,pr16154008,2016-06-02T12:42:35.434Z,"91km N of San Antonio, Puerto Rico",earthquake,0.8,13.6,0,13,reviewed,pr,pr
2016-06-02T11:50:36.900Z,19.2481,-67.2734,61,3.2,Md,15,280.8,0.88034898,0.28,pr,pr16154005,2016-06-02T12:16:05.957Z,"85km NNW of San Antonio, Puerto Rico",earthquake,2.1,5,0,10,reviewed,pr,pr
2016-06-02T11:17:10.520Z,-7.1087,117.2107,484.26,4.6,mb,,56,3.273,0.77,us,us20005zxk,2016-06-02T11:32:24.930Z,"129km NNW of Labuhankananga, Indonesia",earthquake,10.9,8.8,0.077,50,reviewed,us,us
2016-06-02T11:11:22.900Z,34.7178333,-116.0353333,2.98,3.24,ml,37,40,0.1018,0.16,ci,ci37367207,2016-06-02T13:36:47.650Z,"11km E of Ludlow, CA",earthquake,0.16,0.35,0.182,174,reviewed,ci,ci
2016-06-02T11:02:48.620Z,-23.4983,-177.6847,255.06,5.1,mb,,47,5.727,1.25,us,us20005zxh,2016-06-02T11:17:18.849Z,"South of the Fiji Islands",earthquake,8.3,7,0.077,55,reviewed,us,us
2016-06-02T10:45:20.500Z,19.3976,-67.3003,32,3,Md,7,320.4,0.94233273,0.28,pr,pr16154013,2016-06-02T13:19:52.887Z,"102km NNW of San Antonio, Puerto Rico",earthquake,2.2,15.5,0,7,reviewed,pr,pr
2016-06-02T10:35:25.800Z,19.3029,-67.18,28,3,Md,4,334.8,0.83363658,0.17,pr,pr16154012,2016-06-02T13:10:48.465Z,"90km N of Isabela, Puerto Rico",earthquake,2.2,11.8,0,3,reviewed,pr,pr
2016-06-02T09:36:47.400Z,19.2831,-67.2425,14,3.3,Md,15,273.6,0.82016185,0.21,pr,pr16154002,2016-06-02T10:13:56.012Z,"88km N of San Antonio, Puerto Rico",earthquake,2.8,5.6,0,13,reviewed,pr,pr
2016-06-02T09:23:52.120Z,34.717,-116.0331667,2.77,3.31,ml,29,40,0.1032,0.14,ci,ci37367055,2016-06-02T13:26:35.110Z,"12km E of Ludlow, CA",earthquake,0.16,0.35,0.219,192,reviewed,ci,ci
2016-06-02T09:20:23.900Z,19.3316,-67.2188,38,2.6,Md,4,334.8,0.86507762,0.25,pr,pr16154009,2016-06-02T12:48:52.846Z,"93km N of San Antonio, Puerto Rico",earthquake,3.6,15.7,0,4,reviewed,pr,pr
2016-06-02T09:15:47.700Z,19.2777,-67.2677,12,2.8,Md,5,316.8,0.81836522,0.14,pr,pr16154007,2016-06-02T12:36:03.238Z,"88km NNW of San Antonio, Puerto Rico",earthquake,6.3,9,0,5,reviewed,pr,pr
2016-06-02T09:09:06.900Z,19.2607,-67.2393,44,3.3,Md,13,273.6,0.79770397,0.33,pr,pr16154001,2016-06-02T09:45:45.370Z,"86km N of San Antonio, Puerto Rico",earthquake,2.1,8.1,0,12,reviewed,pr,pr
2016-06-02T07:56:20.960Z,19.434,-155.3201667,6.404,3.12,ml,53,42,0.03029,0.08,hv,hv61282546,2016-06-02T17:36:39.596Z,"8km W of Volcano, Hawaii",earthquake,0.25,0.43,0.224,25,reviewed,hv,hv
2016-06-02T07:36:08.800Z,19.3519,-67.1835,38,3.3,Md,12,273.6,1.00162154,0.38,pr,pr16154003,2016-06-02T12:05:19.068Z,"95km N of Isabela, Puerto Rico",earthquake,2.7,16.6,0,8,reviewed,pr,pr
2016-06-02T06:59:58.290Z,17.725,-105.8541,31,4.4,mb,,199,4.784,0.84,us,us20005zwi,2016-06-02T07:18:36.898Z,"205km SW of San Patricio, Mexico",earthquake,11.2,5.7,0.067,64,reviewed,us,us
2016-06-02T06:54:13.000Z,61.3216,-147.3953,10.7,2.8,ml,,,,0.83,ak,ak13624624,2016-06-02T07:31:36.161Z,"60km WNW of Valdez, Alaska",earthquake,0.2,0.2,,,automatic,ak,ak
2016-06-02T05:47:18.490Z,34.713,-116.0351667,3.02,2.51,ml,27,39,0.1004,0.15,ci,ci37366711,2016-06-02T14:45:19.194Z,"11km E of Ludlow, CA",earthquake,0.18,0.35,0.153,97,reviewed,ci,ci
2016-06-02T05:45:22.210Z,36.0466667,-120.6101667,2.94,2.54,md,91,30,0.02483,0.09,nc,nc72644576,2016-06-03T02:57:03.575Z,"24km WSW of Coalinga, California",earthquake,0.12,0.21,0.197,76,reviewed,nc,nc
2016-06-02T04:05:56.000Z,62.4526,-151.0027,73,2.5,ml,,,,0.59,ak,ak13624611,2016-06-02T04:51:32.693Z,"48km WNW of Talkeetna, Alaska",earthquake,0.3,0.8,,,automatic,ak,ak
2016-06-02T02:43:10.710Z,18.0227,-105.8365,37.72,4.7,mb,,174,4.654,1.12,us,us20005zv5,2016-06-02T03:09:16.101Z,"178km SW of San Patricio, Mexico",earthquake,8.8,7.8,0.031,307,reviewed,us,us
2016-06-02T02:23:06.080Z,18.0242,-105.8544,10,5.8,mww,,101,4.669,1.06,us,us20005zv0,2016-06-02T20:50:37.647Z,"179km SW of San Patricio, Mexico",earthquake,6,1.9,,,reviewed,us,us
2016-06-02T01:28:54.770Z,36.3682,-97.718,6.17,3.1,mb_lg,,59,0.236,0.2,us,us20005zuw,2016-06-02T01:39:45.101Z,"14km ESE of Enid, Oklahoma",earthquake,1.4,4.2,0.058,77,reviewed,us,us
2016-06-02T01:28:12.600Z,18.8435,-64.5541,3,2.9,Md,7,302.4,0.54976895,0.18,pr,pr16154000,2016-06-02T03:51:34.710Z,"47km N of Road Town, British Virgin Islands",earthquake,2.2,2.3,0,6,reviewed,pr,pr
2016-06-02T01:11:02.910Z,36.1263333,-89.7326667,5.57,2.56,md,51,40,0.02562,0.15,nm,nm60119242,2016-06-02T12:51:08.813Z,"9km ENE of Steele, Missouri",earthquake,0.21,0.47,0.086,29,reviewed,nm,nm
2016-06-02T00:30:17.410Z,36.2684,-97.5772,4.14,2.8,mb_lg,,33,0.166,0.18,us,us20005zur,2016-06-02T00:45:43.064Z,"26km W of Perry, Oklahoma",earthquake,1.1,7.6,0.1,26,reviewed,us,us
2016-06-02T00:01:28.470Z,-16.8394,-70.4347,15.46,5.2,mb,,117,1.178,1.14,us,us20005zue,2016-06-02T00:51:21.394Z,"36km NNW of Pujocucho, Peru",earthquake,6.7,4.2,0.032,329,reviewed,us,us
2016-06-01T23:05:19.000Z,60.1681,-152.7656,114.7,3.6,ml,,,,0.64,ak,ak13623545,2016-06-01T23:46:31.538Z,"35km S of Redoubt Volcano, Alaska",earthquake,0.3,0.3,,,automatic,ak,ak
2016-06-01T22:56:00.810Z,-2.109,100.6688,51.34,6.6,mww,,18,2.447,0.79,us,us20005zt1,2016-06-03T03:10:03.294Z,"79km W of Sungaipenuh, Indonesia",earthquake,4.5,3.3,,,reviewed,us,us
2016-06-01T22:34:09.200Z,18.106,-64.9773,17,2.5,Md,5,226.8,0.24434176,0.33,pr,pr16153022,2016-06-01T23:40:01.453Z,"26km S of Charlotte Amalie, U.S. Virgin Islands",earthquake,3.1,5.7,0,5,reviewed,pr,pr
2016-06-01T22:29:58.300Z,18.103,-64.9917,12,2.7,Md,10,219.6,0.24883333,0.47,pr,pr16153020,2016-06-01T22:47:55.184Z,"27km SSW of Charlotte Amalie, U.S. Virgin Islands",earthquake,2.4,2.9,0,9,reviewed,pr,pr
2016-06-01T21:47:55.930Z,-30.1131,-72.2382,10,4.1,mwr,,144,0.764,0.7,us,us20005zs9,2016-06-01T22:09:15.129Z,"88km WSW of Coquimbo, Chile",earthquake,4.8,1.9,0.047,43,reviewed,us,us
2016-06-01T21:31:00.980Z,-13.5072,-75.0698,78.88,5.1,mb,,120,2.296,0.93,us,us20005zrz,2016-06-01T22:11:55.000Z,"82km S of Huancavelica, Peru",earthquake,3.1,7.2,0.03,373,reviewed,us,us
2016-06-01T20:57:01.868Z,41.8765,-119.6301,10.6,3.8,ml,6,76.78,0.145,0.1059,nn,nn00546271,2016-06-02T06:17:06.222Z,"68km ESE of Lakeview, Oregon",earthquake,,3.5,0.35,6,reviewed,nn,nn
2016-06-01T19:50:42.880Z,-9.1952,113.0803,58.44,4.6,mb,,47,1.28,0.84,us,us20005zqk,2016-06-01T20:10:39.723Z,"94km SSE of Pujiharjo, Indonesia",earthquake,5.6,6.8,0.082,45,reviewed,us,us
2016-06-01T19:43:41.490Z,55.4448,-158.5113,41.82,4.3,mb,,120,0.872,1.01,us,us20005zqh,2016-06-01T22:17:16.688Z,"91km S of Chignik Lake, Alaska",earthquake,7.7,12.2,0.088,37,reviewed,us,us
2016-06-01T18:27:16.080Z,47.7465,153.8219,59.92,4.4,mb,,134,5.911,0.62,us,us20005zpv,2016-06-01T19:50:46.992Z,"Kuril Islands",earthquake,11,3.6,0.056,91,reviewed,us,us
2016-06-01T18:13:18.500Z,37.1678,-97.9977,5,3.1,mb_lg,,77,0.062,0.38,us,us20005zpn,2016-06-01T18:43:02.685Z,"3km ENE of Anthony, Kansas",earthquake,1.4,2,0.056,84,reviewed,us,us
2016-06-01T17:39:55.070Z,36.5947,70.8043,219.36,4.2,mb,,93,0.56,0.68,us,us20005zp9,2016-06-01T19:35:39.423Z,"30km S of Jarm, Afghanistan",earthquake,7.5,3.7,0.092,33,reviewed,us,us
2016-06-01T17:30:00.730Z,-56.723,-26.7144,129.99,4.7,mb,,68,6.067,0.51,us,us20005zqy,2016-06-01T21:12:33.960Z,"29km E of Visokoi Island, South Georgia and the South Sandwich Islands",earthquake,11.3,8.4,0.096,33,reviewed,us,us
2016-06-01T15:37:17.220Z,-30.3307,-177.6686,8.16,5.4,mb,,82,1.105,1.85,us,us20005zmf,2016-06-02T12:56:27.000Z,"120km S of Raoul Island, New Zealand",earthquake,8.2,4.5,0.039,218,reviewed,us,us
2016-06-01T15:24:56.470Z,-5.255,151.703,35,5.1,mb,,64,1.152,1.3,us,us20005zm3,2016-06-01T15:45:05.198Z,"117km SSW of Kokopo, Papua New Guinea",earthquake,8.4,1.9,0.043,172,reviewed,us,us
2016-06-01T15:00:54.170Z,0.199,-80.5531,10,4.7,mb,,163,2.102,1.07,us,us20005zlz,2016-06-02T02:06:34.661Z,"57km WNW of Pedernales, Ecuador",earthquake,9.4,1.9,0.065,73,reviewed,us,us
2016-06-01T14:48:03.300Z,19.433,-155.6115,2.422,2.58,ml,28,74,0.02047,0.14,hv,hv61281866,2016-06-01T16:31:50.768Z,"26km E of Honaunau-Napoopoo, Hawaii",earthquake,0.31,0.42,0.148,16,reviewed,hv,hv
2016-06-01T12:25:03.240Z,18.5455,-105.307,27.05,4.9,mb,,199,4.01,0.74,us,us20005zlb,2016-06-01T12:49:12.542Z,"98km SW of San Patricio, Mexico",earthquake,11.1,10.1,0.031,326,reviewed,us,us
2016-06-01T11:12:54.880Z,50.95,-179.872,28.8,4,mb,,322,1.927,0.96,us,us20005zl2,2016-06-01T12:33:32.150Z,"63km WSW of Amatignak Island, Alaska",earthquake,21.9,17.1,0.078,44,reviewed,us,us
2016-06-01T10:05:18.970Z,0.1638,-80.4443,26.91,4.8,mb,,94,1.994,1.13,us,us20005zk3,2016-06-01T11:58:16.361Z,"44km WNW of Pedernales, Ecuador",earthquake,6.3,5.4,0.028,402,reviewed,us,us
2016-06-01T10:03:02.000Z,18.854,-64.3366,19,2.5,Md,4,338.4,0.66295668,0.1,pr,pr16153015,2016-06-01T12:12:05.732Z,"56km NNE of Road Town, British Virgin Islands",earthquake,5.3,10.8,0,4,reviewed,pr,pr
2016-06-01T08:30:21.050Z,17.8969,-105.8833,10,5.4,mww,,173,4.742,1.31,us,us20005zjp,2016-06-01T22:46:26.458Z,"192km SW of San Patricio, Mexico",earthquake,9.6,1.9,,,reviewed,us,us
2016-06-01T08:12:37.620Z,18.1945,-105.6135,40.49,4.2,mb,,233,4.396,1.07,us,us20005zjj,2016-06-01T08:51:33.634Z,"148km SW of San Patricio, Mexico",earthquake,10,8.1,0.049,117,reviewed,us,us
2016-06-01T07:50:42.110Z,17.7701,-105.7471,32.78,4.3,mb,,240,4.672,0.93,us,us20005zjd,2016-06-01T08:44:43.126Z,"194km SW of San Patricio, Mexico",earthquake,15.6,11.8,0.048,120,reviewed,us,us
2016-06-01T07:17:31.400Z,51.2132,-179.6791,66.15,4.6,mb,,204,1.702,0.79,us,us20005zjb,2016-06-01T10:45:18.191Z,"40km W of Amatignak Island, Alaska",earthquake,11.9,9.9,0.038,205,reviewed,us,us
2016-06-01T06:20:56.760Z,36.853,-97.4072,3.85,2.9,mb_lg,,28,0.169,0.35,us,us20005zj2,2016-06-01T06:31:19.171Z,"12km WNW of Blackwell, Oklahoma",earthquake,1.2,7.9,0.057,81,reviewed,us,us
2016-06-01T03:09:26.200Z,36.8898,-97.3887,7.302,2.8,ml,,118,,0.49,us,us20005zia,2016-06-01T21:53:39.011Z,"13km NW of Blackwell, Oklahoma",earthquake,1.6,1.6,,,reviewed,tul,tul
2016-06-01T00:51:11.750Z,-15.856,-69.5436,252.34,4.4,mb,,101,1.424,1.46,us,us20005zhu,2016-06-01T01:10:34.065Z,"17km ESE of Taquile, Peru",earthquake,8.8,4.5,0.096,31,reviewed,us,us
2016-05-31T23:57:24.000Z,55.4437,-158.3767,29.4,2.7,ml,,,,0.75,ak,ak13631304,2016-06-03T20:39:08.081Z,"93km SSE of Chignik Lake, Alaska",earthquake,0.9,3.4,,,reviewed,ak,ak
2016-05-31T23:56:47.100Z,37.2456,136.9926,267.15,4.2,mb,,46,1.196,0.56,us,us20005zhh,2016-06-01T01:42:20.000Z,"21km N of Nanao, Japan",earthquake,8.5,6,0.086,38,reviewed,us,us
2016-05-31T23:46:49.000Z,51.8775,-168.1557,25.4,2.6,ml,,,,0.4,ak,ak13631303,2016-06-03T20:38:54.290Z,"127km SSE of Nikolski, Alaska",earthquake,5.9,6.7,,,reviewed,ak,ak
2016-05-31T23:13:12.000Z,55.3678,-158.339,21.3,3.3,ml,,,,0.97,ak,ak13619079,2016-06-03T20:38:19.863Z,"101km NE of Chernabura Island, Alaska",earthquake,0.8,1.1,,,reviewed,ak,ak
2016-05-31T23:04:19.000Z,55.374,-158.459,33,3.2,ml,,,,0.55,ak,ak13631299,2016-06-03T20:38:41.729Z,"95km NE of Chernabura Island, Alaska",earthquake,0.6,1.4,,,reviewed,ak,ak
2016-05-31T23:03:31.840Z,38.8068333,-122.819,1.83,3.17,ml,86,32,0.008208,0.07,nc,nc72643806,2016-06-02T18:34:53.808Z,"6km WNW of The Geysers, California",earthquake,0.1,0.15,0.146,50,reviewed,nc,nc
2016-05-31T22:00:46.340Z,12.2062,-86.1573,26.67,3.8,ml,,114,0.139,1.27,us,us20005zh0,2016-05-31T22:44:30.082Z,"6km W of Tipitapa, Nicaragua",earthquake,3.8,10.7,0.053,46,reviewed,us,us
2016-05-31T21:56:10.000Z,55.3654,-158.3975,31.4,3.1,ml,,,,0.79,ak,ak13631294,2016-06-03T20:38:48.230Z,"98km NE of Chernabura Island, Alaska",earthquake,1,1.9,,,reviewed,ak,ak
2016-05-31T21:52:33.000Z,52.3048,178.9941,11.4,2.7,ml,,,,0.42,ak,ak13631293,2016-06-03T20:38:34.202Z,"51km NE of Little Sitkin Island, Alaska",earthquake,2.2,1.4,,,reviewed,ak,ak
2016-05-31T21:39:51.000Z,55.3919,-158.4362,25,2.5,ml,,,,0.46,ak,ak13631291,2016-06-03T20:39:14.610Z,"98km SSE of Chignik Lake, Alaska",earthquake,1.4,,,,reviewed,ak,ak
2016-05-31T21:21:06.980Z,12.1834,-86.1827,20.48,2.8,ml,,130,0.12,1.06,us,us20005zgk,2016-05-31T22:34:05.045Z,"9km NE of Managua, Nicaragua",earthquake,3.2,10.9,0.081,20,reviewed,us,us
2016-05-31T20:51:22.300Z,55.4385,-158.5246,39.22,5.7,mww,,26,0.863,1.18,us,us20005zfx,2016-06-03T20:36:02.725Z,"92km S of Chignik Lake, Alaska",earthquake,4.7,3,,,reviewed,us,us
2016-05-31T19:38:50.500Z,18.4563,-63.9748,171,3.5,Md,7,345.6,0.76716125,0.34,pr,pr16152005,2016-06-01T14:42:24.040Z,"69km NW of The Bottom, Bonaire, Saint Eustatius and Saba ",earthquake,11.4,2.5,0,6,reviewed,pr,pr
2016-05-31T17:35:14.990Z,36.4716,3.5024,14.4,4.8,mb,,45,3.771,0.92,us,us20005zek,2016-06-01T13:31:32.699Z,"13km SW of Lakhdaria, Algeria",earthquake,6.8,4,0.042,171,reviewed,us,us
2016-05-31T16:34:56.000Z,63.7048,-149.421,117.9,3.2,ml,,,,0.53,ak,ak13617625,2016-06-03T20:38:11.998Z,"28km SW of Healy, Alaska",earthquake,0.2,0.2,,,reviewed,ak,ak
2016-05-31T16:29:49.350Z,13.1946,120.618,61.35,4.7,mb,,75,8.236,0.77,us,us20005zea,2016-05-31T17:25:06.504Z,"3km SE of Mamburao, Philippines",earthquake,9.1,7.1,0.052,113,reviewed,us,us
2016-05-31T15:48:11.100Z,0.1686,-80.3326,10,4.3,mb,,195,1.883,0.93,us,us20005zdi,2016-05-31T18:28:00.507Z,"32km WNW of Pedernales, Ecuador",earthquake,8.9,2,0.178,9,reviewed,us,us
2016-05-31T14:32:36.000Z,53.8108,-164.1903,46.7,2.6,ml,,,,0.35,ak,ak13617361,2016-06-03T20:37:17.668Z,"109km ESE of Akutan, Alaska",earthquake,1.9,3.4,,,reviewed,ak,ak
2016-05-31T14:19:01.050Z,-8.3016,119.6741,172.62,4.4,mb,,60,2.557,0.98,us,us20005zd3,2016-05-31T16:01:46.352Z,"30km NW of Cempa, Indonesia",earthquake,6.6,7.4,0.106,26,reviewed,us,us
2016-05-31T13:38:49.400Z,28.7809,142.799,10,4.8,mb,,161,1.764,0.73,us,us20005zd0,2016-05-31T14:21:33.527Z,"196km NNE of Chichi-shima, Japan",earthquake,8,1.9,0.095,34,reviewed,us,us
2016-05-31T12:31:03.000Z,57.0349,-157.9987,6.4,4.1,ml,,,,0.59,ak,ak13616852,2016-06-03T20:37:25.585Z,"103km NNE of Chignik Lake, Alaska",earthquake,0.6,0.3,,,reviewed,ak,ak
2016-05-31T11:32:15.690Z,9.4611,126.1465,59.12,4.5,mb,,113,2.441,0.9,us,us20005zcn,2016-05-31T12:41:40.111Z,"20km NNW of Cortes, Philippines",earthquake,9.8,7.7,0.073,55,reviewed,us,us
2016-05-31T11:02:07.000Z,61.0378,-145.9172,19.9,3.2,ml,,,,0.55,ak,ak13616591,2016-06-03T20:36:55.634Z,"25km ESE of Valdez, Alaska",earthquake,0.1,0.1,,,reviewed,ak,ak
2016-05-31T10:54:09.640Z,35.6713,-97.1593,5,3.1,mb_lg,,19,0.03,0.58,us,us20005zcj,2016-05-31T11:15:02.441Z,"3km ENE of Luther, Oklahoma",earthquake,2,2,0.054,91,reviewed,us,us
2016-05-31T10:33:22.970Z,39.1818333,-120.4615,-0.87,2.94,md,25,88,0.1951,0.1,nc,nc72643651,2016-06-02T19:22:58.201Z,"25km W of Sunnyside-Tahoe City, California",earthquake,0.31,5.19,0.151,68,reviewed,nc,nc
2016-05-31T10:03:59.520Z,47.5494,154.3638,10,5.5,mb,,106,6.128,1.19,us,us20005zc8,2016-05-31T22:30:06.000Z,"Kuril Islands",earthquake,8.4,1.8,0.023,669,reviewed,us,us
2016-05-31T06:22:40.800Z,17.9971,-65.2153,18,2.5,Md,6,162,0.31441035,0.28,pr,pr16152004,2016-05-31T07:09:09.949Z,"29km SE of Vieques, Puerto Rico",earthquake,0.8,1.5,0,6,reviewed,pr,pr
2016-05-31T06:12:51.710Z,9.3754,-84.339,34.17,4.3,mb,,168,0.425,0.91,us,us20005zbd,2016-05-31T23:10:57.921Z,"16km S of Parrita, Costa Rica",earthquake,2.9,10.3,0.125,18,reviewed,us,us
2016-05-31T05:50:19.700Z,18.4549,-67.5603,17,2.5,Md,11,309.6,0.10420457,0.21,pr,pr16152003,2016-05-31T06:04:03.047Z,"35km WNW of Rincon, Puerto Rico",earthquake,1,0.5,0,11,reviewed,pr,pr
2016-05-31T05:23:47.310Z,25.5771,122.5337,244.11,6.4,mww,,17,1.114,1,us,us20005zay,2016-05-31T18:56:41.368Z,"93km ENE of Keelung, Taiwan",earthquake,7.2,3.8,,,reviewed,us,us
2016-05-31T05:04:00.000Z,53.5391,-165.2534,59.4,3.5,ml,,,,0.38,ak,ak13615806,2016-06-03T20:38:05.403Z,"74km SSE of Akutan, Alaska",earthquake,1.1,1.1,,,reviewed,ak,ak
2016-05-31T04:32:15.930Z,-56.0543,-26.2023,10,4.9,mb,,68,6.155,0.78,us,us20005zau,2016-05-31T04:57:55.837Z,"94km NE of Visokoi Island, South Georgia and the South Sandwich Islands",earthquake,10.7,1.9,0.077,53,reviewed,us,us
2016-05-31T03:59:20.200Z,18.493,-66.2379,64,2.8,Md,16,183.6,0.23446029,0.4,pr,pr16152001,2016-05-31T04:21:06.590Z,"4km NE of Dorado, Puerto Rico",earthquake,1.8,1.3,0,16,reviewed,pr,pr
2016-05-31T03:54:30.800Z,18.4951,-67.069,91,2.9,Md,13,194.4,0.04850903,0.25,pr,pr16152000,2016-05-31T04:19:45.828Z,"2km NNE of Rafael Hernandez, Puerto Rico",earthquake,1.7,1.1,0,12,reviewed,pr,pr
2016-05-31T03:03:08.000Z,51.2377,-178.157,25.6,2.6,ml,,,,0.31,ak,ak13615583,2016-06-03T20:37:10.380Z,"66km E of Amatignak Island, Alaska",earthquake,1.6,1.9,,,reviewed,ak,ak
2016-05-31T02:14:42.100Z,12.6149,-89.1668,45.13,4.7,mb,,131,1.067,1.2,us,us20005zah,2016-05-31T02:57:24.339Z,"98km S of La Libertad, El Salvador",earthquake,2.5,7.6,0.032,291,reviewed,us,us
2016-05-31T01:53:12.130Z,-27.5989,-66.6579,27.07,4.4,mwr,,47,2.329,0.8,us,us20005zae,2016-05-31T02:48:25.355Z,"33km W of Andalgala, Argentina",earthquake,5.6,5.7,0.065,23,reviewed,us,us
2016-05-31T01:50:38.000Z,52.1255,-169.3374,40.3,3.5,ml,,,,0.59,ak,ak13615362,2016-06-03T20:39:01.978Z,"95km SSW of Nikolski, Alaska",earthquake,1.1,0.8,,,reviewed,ak,ak
2016-05-31T01:42:25.000Z,58.4737,-156.6541,204.6,4.1,ml,,,,0.63,ak,ak13615347,2016-06-03T20:37:04.175Z,"23km S of King Salmon, Alaska",earthquake,0.7,0.6,,,reviewed,ak,ak
2016-05-30T22:27:32.360Z,-3.917,129.4576,10,5.1,mb,,42,2.957,0.99,us,us20005z9v,2016-05-30T22:45:39.940Z,"88km SE of Amahai, Indonesia",earthquake,6.6,1.9,0.058,98,reviewed,us,us
2016-05-30T21:57:45.610Z,36.6056,138.7727,150.06,4.2,mb,,58,0.458,1.14,us,us20005z9i,2016-06-01T01:14:22.742Z,"7km WNW of Nakanojo, Japan",earthquake,5.8,5.1,0.075,50,reviewed,us,us
2016-05-30T20:52:43.100Z,35.6674,-97.1636,4.878,2.6,ml,,49,,0.41,us,us20005z97,2016-06-01T22:16:40.661Z,"2km ENE of Luther, Oklahoma",earthquake,1.7,5.9,,,reviewed,tul,tul
2016-05-30T20:24:21.090Z,42.7639,11.9042,8.58,4.6,mb,,61,0.167,0.61,us,us20005z8x,2016-06-01T22:31:28.021Z,"3km NE of Acquapendente, Italy",earthquake,2.2,4.7,0.085,41,reviewed,us,us
2016-05-30T19:29:02.510Z,71.7494,-1.8968,10,4.4,mb,,115,6.619,0.7,us,us20005z8k,2016-06-01T22:48:02.873Z,"260km ENE of Olonkinbyen, Svalbard and Jan Mayen",earthquake,8.7,1.9,0.094,33,reviewed,us,us
2016-05-30T19:01:29.000Z,59.0705,-153.7842,103.5,4.1,ml,,,,0.51,ak,ak13614565,2016-06-03T23:01:00.534Z,"96km SE of Old Iliamna, Alaska",earthquake,0.5,0.3,,,reviewed,ak,ak
2016-05-30T18:31:34.000Z,67.2591,-144.3988,27.7,2.6,ml,,,,0.65,ak,ak13614562,2016-06-03T23:01:08.771Z,"85km NNE of Fort Yukon, Alaska",earthquake,2.9,2.3,,,reviewed,ak,ak
2016-05-30T17:50:50.980Z,24.1672,122.544,44.6,4.6,mb,,102,0.52,0.82,us,us20005z82,2016-06-02T14:36:08.771Z,"56km SW of Yonakuni, Japan",earthquake,2.7,6.6,0.067,67,reviewed,us,us
2016-05-30T17:29:26.090Z,37.5865,-121.9731667,8.79,2.62,md,128,21,0.01859,0.13,nc,nc72643411,2016-06-02T19:22:43.199Z,"4km NNE of Fremont, California",earthquake,0.1,0.23,0.163,99,reviewed,nc,nc
2016-05-30T17:25:11.220Z,-55.6111,-26.6266,10,4.8,mb,,81,5.837,1.16,us,us20005z7y,2016-06-02T14:51:33.953Z,"126km NNE of Visokoi Island, South Georgia and the South Sandwich Islands",earthquake,7.6,1.9,0.098,32,reviewed,us,us
2016-05-30T16:27:30.120Z,-3.5303,149.7776,10,4.6,mb,,112,20.627,0.62,us,us20005z7a,2016-05-30T17:25:33.126Z,"154km SW of Kavieng, Papua New Guinea",earthquake,16.3,1.9,0.107,26,reviewed,us,us
2016-05-30T15:38:19.000Z,52.6336,-166.67,10.6,3.1,ml,,,,0.31,ak,ak13614314,2016-06-03T22:59:54.745Z,"138km S of Unalaska, Alaska",earthquake,5.9,5.1,,,reviewed,ak,ak
2016-05-30T15:35:09.120Z,-61.6702,-54.6524,10,4.6,mb,,58,1.978,0.82,us,us20005z73,2016-05-30T16:30:50.771Z,"South Shetland Islands",earthquake,3,1.9,0.107,26,reviewed,us,us
2016-05-30T12:46:17.880Z,2.4535,128.5567,230.63,4.5,mb,,106,2.05,0.77,us,us20005z6l,2016-05-30T13:06:10.558Z,"100km NE of Tobelo, Indonesia",earthquake,10.5,7.3,0.079,47,reviewed,us,us
2016-05-30T12:41:55.520Z,-31.6554,-71.4477,51.48,4.9,mb,,129,0.59,0.75,us,us20005z6j,2016-05-30T13:01:11.114Z,"26km W of Illapel, Chile",earthquake,6.8,7.6,0.069,66,reviewed,us,us
2016-05-30T12:08:01.000Z,55.2756,-162.812,144.1,2.5,ml,,,,0.81,ak,ak13614104,2016-06-03T23:00:02.985Z,"11km NNW of Cold Bay, Alaska",earthquake,2.9,1.2,,,reviewed,ak,ak
2016-05-30T10:55:17.500Z,-30.3143,-177.9551,29.06,5.4,mb,,62,1.065,1.48,us,us20005z6d,2016-05-30T11:13:08.382Z,"116km S of Raoul Island, New Zealand",earthquake,5.8,5.2,0.046,164,reviewed,us,us
2016-05-30T09:55:08.470Z,40.7693333,-121.1616667,-1.48,2.51,md,35,69,0.2321,0.13,nc,nc72643256,2016-06-02T19:22:13.195Z,"43km ESE of Burney, California",earthquake,0.28,1.77,0.099,37,reviewed,nc,nc
2016-05-30T09:47:47.410Z,24.4483,126.4694,10,5.2,mb,,68,2.881,1.39,us,us20005z67,2016-05-30T10:07:36.013Z,"126km ESE of Hirara, Japan",earthquake,5.8,1.9,0.04,206,reviewed,us,us
2016-05-30T09:15:26.300Z,19.538,-66.3964,39,3.3,Md,12,280.8,1.23159025,0.31,pr,pr16151005,2016-05-30T13:44:09.694Z,"118km N of Brenas, Puerto Rico",earthquake,3,19.7,0,5,reviewed,pr,pr
2016-05-30T07:35:58.330Z,-49.2575,-7.9778,14.21,5.2,mb,,81,12.585,0.69,us,us20005z5m,2016-05-30T07:51:46.905Z,"Southern Mid-Atlantic Ridge",earthquake,11.5,4.7,0.107,29,reviewed,us,us
2016-05-30T07:24:12.500Z,-31.2817,-177.616,35,4.8,mb,,186,2.047,1.16,us,us20005z5j,2016-05-30T07:57:38.619Z,"123km E of L'Esperance Rock, New Zealand",earthquake,6.1,2,0.131,18,reviewed,us,us
2016-05-30T07:14:16.630Z,-30.3822,-177.9406,32.18,5.7,mwb,,49,1.133,1.45,us,us20005z5g,2016-05-31T22:54:46.000Z,"123km S of Raoul Island, New Zealand",earthquake,8.5,5.1,0.052,35,reviewed,us,us
2016-05-30T06:41:18.300Z,18.7495,-67.4176,5,3.5,Md,23,187.2,0.36830927,0.33,pr,pr16151001,2016-05-30T07:22:44.049Z,"44km NW of San Antonio, Puerto Rico",earthquake,1.4,1.7,0,21,reviewed,pr,pr
2016-05-30T06:36:22.500Z,18.9612,-65.2041,40,2.8,Md,6,280.8,0.65127858,0.15,pr,pr16151003,2016-05-30T07:56:12.034Z,"73km N of Culebra, Puerto Rico",earthquake,4.6,10.6,0,5,reviewed,pr,pr
2016-05-30T05:40:11.830Z,52.663,-173.6804,203.7,4.4,mb,,160,1.566,0.88,us,us20005z56,2016-06-03T22:59:29.702Z,"62km NE of Atka, Alaska",earthquake,13.9,11.9,0.069,60,reviewed,us,us
2016-05-30T05:14:43.140Z,-55.5997,-26.6437,34.4,4.8,mb,,128,5.825,0.46,us,us20005z50,2016-05-31T13:53:31.559Z,"127km NNE of Visokoi Island, South Georgia and the South Sandwich Islands",earthquake,13.6,7.6,0.091,39,reviewed,us,us
2016-05-30T03:20:46.440Z,12.0955,144.5307,35,4.8,mb,,61,1.52,0.69,us,us20005z4n,2016-05-30T03:42:48.889Z,"130km S of Merizo Village, Guam",earthquake,6,1.9,0.043,167,reviewed,us,us
2016-05-30T02:56:25.000Z,62.8534,-151.0052,106.5,2.5,ml,,,,0.53,ak,ak13613062,2016-06-03T22:59:34.350Z,"74km NW of Talkeetna, Alaska",earthquake,0.2,0.4,,,reviewed,ak,ak
2016-05-30T02:52:47.200Z,24.114,121.7555,12.08,4.5,mb,,73,0.158,0.71,us,us20005z4i,2016-06-01T00:36:55.148Z,"21km NE of Hualian, Taiwan",earthquake,3.4,4.6,0.09,36,reviewed,us,us
2016-05-30T02:37:34.000Z,51.1825,-178.4595,24.7,2.5,ml,,,,0.4,ak,ak13613056,2016-06-03T22:59:27.596Z,"46km E of Amatignak Island, Alaska",earthquake,3,3.8,,,reviewed,ak,ak
2016-05-30T01:30:03.300Z,18.5249,-66.5404,81,2.9,Md,20,205.2,0.04850903,0.2,pr,pr16151000,2016-05-30T01:54:32.557Z,"8km N of Barceloneta, Puerto Rico",earthquake,0.9,0.9,0,19,reviewed,pr,pr
2016-05-30T01:26:50.000Z,62.6326,-151.1875,91.2,2.5,ml,,,,0.54,ak,ak13613046,2016-06-03T22:59:42.931Z,"65km WNW of Talkeetna, Alaska",earthquake,0.3,0.4,,,reviewed,ak,ak
2016-05-30T01:03:15.390Z,-3.805,131.603,37.27,4.7,mb,,103,1.09,0.66,us,us20005z4a,2016-06-01T00:24:27.956Z,"242km NNW of Tual, Indonesia",earthquake,5.3,7.3,0.075,54,reviewed,us,us
2016-05-30T00:10:39.430Z,34.5603,25.5307,41.58,4.1,mb,,72,0.896,0.8,us,us20005z42,2016-05-30T00:45:57.996Z,"52km SSW of Gra Liyia, Greece",earthquake,2.9,8.9,0.079,44,reviewed,us,us
2016-05-30T00:04:17.000Z,59.9846,-149.132,12.6,2.5,ml,,,,0.58,ak,ak13631714,2016-06-03T23:00:20.016Z,"21km SE of Seward, Alaska",earthquake,0.8,0.5,,,reviewed,ak,ak
2016-05-30T00:04:06.000Z,59.9015,-149.0815,3.8,2.5,ml,,,,0.61,ak,ak13612859,2016-06-03T23:01:16.970Z,"37km SE of Seward, Alaska",earthquake,0.8,0.7,,,reviewed,ak,ak
2016-05-29T23:49:36.000Z,61.8657,-150.3132,21.7,3.2,ml,,,,0.87,ak,ak13612847,2016-06-04T02:36:36.081Z,"26km NW of Willow, Alaska",earthquake,0.2,0.1,,,reviewed,ak,ak
2016-05-29T23:47:09.580Z,35.6905,-97.3951,5,2.5,mb_lg,,34,0.111,0.95,us,us20005z3n,2016-05-30T00:29:53.616Z,"8km ENE of Edmond, Oklahoma",earthquake,0.8,1.9,0.078,43,reviewed,us,us
2016-05-29T23:42:01.400Z,19.148,-66.4921,31,2.7,Md,9,288,0.66834657,0.28,pr,pr16150006,2016-05-30T03:23:59.341Z,"75km N of Tierras Nuevas Poniente, Puerto Rico",earthquake,1.6,10.3,0,7,reviewed,pr,pr
2016-05-29T23:19:04.680Z,-3.8811,150.4666,472.55,4.5,mb,,33,1.72,0.77,us,us20005z3h,2016-05-29T23:40:08.176Z,"149km SSW of Kavieng, Papua New Guinea",earthquake,10.5,6.2,0.044,153,reviewed,us,us
2016-05-29T23:17:50.560Z,-31.751,-72.3695,35,4.4,mwr,,172,1.216,1.03,us,us20005z3g,2016-05-30T01:30:11.519Z,"114km W of Illapel, Chile",earthquake,5.1,2,0.039,62,reviewed,us,us
2016-05-29T21:13:17.000Z,52.7124,178.5578,35,2.8,ml,6,187.199985024001,,0.42,ak,ak13631908,2016-06-04T02:38:58.013Z,"85km N of Little Sitkin Island, Alaska",earthquake,15.6,9.3,,,reviewed,ak,ak
2016-05-29T19:41:53.000Z,61.9577,-152.1565,127.6,3.2,ml,,,,0.65,ak,ak13612566,2016-06-04T02:36:26.976Z,"114km WNW of Willow, Alaska",earthquake,0.2,0.4,,,reviewed,ak,ak
2016-05-29T18:20:19.250Z,-7.2729,128.8918,156.89,5.1,mb,,42,2.488,0.78,us,us20005z20,2016-05-29T18:40:25.621Z,"277km WNW of Saumlaki, Indonesia",earthquake,8.9,7,0.048,138,reviewed,us,us
2016-05-29T17:55:26.000Z,61.288,-146.9355,30.8,2.5,ml,,,,0.43,ak,ak13612070,2016-06-04T02:36:18.670Z,"36km WNW of Valdez, Alaska",earthquake,0.2,0.3,,,reviewed,ak,ak
2016-05-29T17:49:34.200Z,17.9733,-68.6265,75,3.3,Md,10,248.4,1.16421661,0.21,pr,pr16150002,2016-05-29T18:03:06.842Z,"44km S of Boca de Yuma, Dominican Republic",earthquake,2.7,4.9,0,10,reviewed,pr,pr
2016-05-29T17:18:33.430Z,27.9193,55.1514,38.86,4.4,mb,,117,3.108,0.88,us,us20005z1m,2016-05-29T19:52:49.544Z,"83km ENE of Lar, Iran",earthquake,11.8,10.9,0.139,15,reviewed,us,us
2016-05-29T16:44:50.010Z,12.6342,-89.2702,10,4.6,mb,,171,1.047,0.96,us,us20005z1h,2016-05-29T19:31:37.825Z,"94km S of La Libertad, El Salvador",earthquake,8.3,1.9,0.047,137,reviewed,us,us
2016-05-29T16:20:00.940Z,17.1761,146.2103,102.01,4.5,mb,,78,1.966,0.69,us,us20005z1a,2016-05-29T18:23:01.944Z,"107km NNE of Anatahan, Northern Mariana Islands",earthquake,8.6,6.7,0.051,114,reviewed,us,us
2016-05-29T15:31:22.970Z,24.2675,125.1904,38.51,4.6,mb,,121,1.997,1.13,us,us20005z18,2016-05-29T17:20:24.284Z,"59km S of Hirara, Japan",earthquake,9.7,8.2,0.071,59,reviewed,us,us
2016-05-29T15:24:46.820Z,33.6156667,-118.0095,12.19,2.68,ml,91,92,0.08822,0.26,ci,ci37578064,2016-05-31T18:14:04.630Z,"8km W of Newport Beach, CA",earthquake,0.28,0.6,0.158,160,reviewed,ci,ci
2016-05-29T15:15:38.440Z,-13.3515,-142.4152,10,4.5,mb,,137,4.992,0.6,us,us20005z15,2016-05-29T16:56:35.040Z,"Tuamotu Archipelago, French Polynesia region",earthquake,15.3,1.9,0.049,125,reviewed,us,us
2016-05-29T14:22:38.000Z,60.051,-153.864,177,2.6,ml,,,,0.57,ak,ak13611688,2016-06-04T02:36:11.743Z,"67km ENE of Old Iliamna, Alaska",earthquake,0.5,0.3,,,reviewed,ak,ak
2016-05-29T14:16:13.360Z,-20.4822,-69.4522,86.3,4.1,mb,,61,0.44,0.69,us,us20005z0t,2016-05-29T15:15:50.739Z,"77km ESE of Iquique, Chile",earthquake,5.8,6.5,0.198,7,reviewed,us,us
2016-05-29T11:37:13.300Z,32.8916,-100.8581,2.37,2.6,mb_lg,,95,1.058,0.44,us,us20005z0h,2016-05-29T11:51:28.282Z,"20km NNE of Snyder, Texas",earthquake,4.9,7.3,0.071,52,reviewed,us,us
2016-05-29T11:16:39.000Z,54.0377,-164.7105,47.1,2.8,ml,19,179.999985600001,,0.43,ak,ak13611663,2016-06-04T02:38:16.642Z,"70km E of Akutan, Alaska",earthquake,2.2,1.6,,,reviewed,ak,ak
2016-05-29T10:52:57.000Z,60.1421,-140.349,1,2.8,ml,,,,0.63,ak,ak13611651,2016-06-04T02:37:08.015Z,"74km NNW of Yakutat, Alaska",earthquake,0.2,,,,reviewed,ak,ak
2016-05-29T09:44:24.000Z,59.2589,-153.7872,125.9,2.6,ml,,,,0.46,ak,ak13611637,2016-06-04T02:36:04.337Z,"84km SE of Old Iliamna, Alaska",earthquake,0.4,0.3,,,reviewed,ak,ak
2016-05-29T08:27:34.690Z,32.1021667,-115.174,23.87,3.49,mlr,19,254,0.2167,0.28,ci,ci37577944,2016-05-31T14:24:44.180Z,"14km S of Alberto Oviedo Mota, B.C., MX",earthquake,1.18,0.95,0.186,276,reviewed,ci,ci
2016-05-29T06:45:59.910Z,36.0551,70.8097,92.05,4.5,mb,,81,1.622,0.78,us,us20005z01,2016-05-29T07:21:17.154Z,"4km NE of `Alaqahdari-ye Kiran wa Munjan, Afghanistan",earthquake,6.3,6.5,0.06,80,reviewed,us,us
2016-05-29T06:34:13.930Z,-20.4974,-63.2433,562.89,4.3,mb,,43,5.198,0.9,us,us20005yzy,2016-05-29T06:51:56.741Z,"9km SSE of Boyuibe, Bolivia",earthquake,10.8,6.9,0.038,196,reviewed,us,us
2016-05-29T05:58:39.120Z,10.6169,-40.9928,10,5,mb,,43,17.105,0.73,us,us20005yzt,2016-05-29T06:23:30.881Z,"Northern Mid-Atlantic Ridge",earthquake,10.9,1.9,0.027,428,reviewed,us,us
2016-05-29T05:23:10.660Z,36.2786,3.5091,10,4.2,mb,,96,3.842,1.16,us,us20005yzj,2016-05-29T06:12:24.532Z,"14km W of Ain Bessem, Algeria",earthquake,6.4,1.8,0.107,24,reviewed,us,us
2016-05-29T05:22:09.030Z,35.0454,142.4101,10,4.5,mb,,177,2.16,0.65,us,us20005yzk,2016-05-29T08:54:22.911Z,"162km ESE of Hasaki, Japan",earthquake,3,2,0.145,14,reviewed,us,us
2016-05-29T05:10:48.040Z,20.4756,120.3505,10,4.4,mb,,77,2.427,1.02,us,us20005yzh,2016-05-29T05:42:19.667Z,"159km W of Sabtang, Philippines",earthquake,7.7,1.9,0.074,53,reviewed,us,us
